,Date,Open,High,Low,Close,Adj Close,Volume
,Date,Open,High,Low,Close,Adj Close,Volume
0,2022-06-01,16594.400391,16649.199219,16438.849609,16522.75,16522.75,249600
0,2022-07-01,33264.75,33666.5,33080.449219,33539.449219,33539.058594,149900.0
1,2022-06-02,16481.650391,16646.400391,16443.050781,16628.0,16628.0,236000
1,2022-07-04,33558.851563,33978.5,33515.601563,33940.898438,33940.503906,152600.0
2,2022-06-03,16761.650391,16793.849609,16567.900391,16584.300781,16584.300781,245500
2,2022-07-05,34084.699219,34361.050781,33757.0,33815.898438,33815.503906,115000.0
3,2022-06-06,16530.699219,16610.949219,16444.550781,16569.550781,16569.550781,233600
3,2022-07-06,33929.398438,34388.5,33876.148438,34324.25,34323.851563,122700.0
4,2022-06-07,16469.599609,16487.25,16347.099609,16416.349609,16416.349609,233800
4,2022-07-07,34627.398438,34965.75,34553.101563,34920.300781,34919.894531,184000.0
5,2022-06-08,16474.949219,16514.300781,16293.349609,16356.25,16356.25,243500
5,2022-07-08,35258.898438,35262.101563,34977.75,35124.050781,35123.640625,109000.0
6,2022-06-09,16263.849609,16492.800781,16243.849609,16478.099609,16478.099609,205000
6,2022-07-11,35017.601563,35543.101563,35006.550781,35469.648438,35469.234375,130600.0
7,2022-06-10,16283.950195,16324.700195,16172.599609,16201.799805,16201.799805,189700
7,2022-07-12,35298.699219,35419.648438,35047.5,35132.25,35131.839844,113400.0
8,2022-06-13,15877.549805,15886.150391,15684.0,15774.400391,15774.400391,225500
8,2022-07-13,35259.800781,35308.148438,34757.601563,34827.800781,34827.394531,103400.0
9,2022-06-14,15674.25,15858.0,15659.450195,15732.099609,15732.099609,225400
9,2022-07-14,34817.949219,35027.601563,34558.449219,34651.199219,34650.796875,121300.0
10,2022-06-15,15729.25,15783.650391,15678.900391,15692.150391,15692.150391,183000
10,2022-07-15,34734.449219,34899.949219,34463.898438,34682.648438,34682.246094,99100.0
11,2022-06-16,15832.25,15863.150391,15335.099609,15360.599609,15360.599609,264700
11,2022-07-18,34841.851563,35382.5,34804.398438,35358.699219,35358.289063,146600.0
12,2022-06-17,15272.650391,15400.400391,15183.400391,15293.5,15293.5,342600
12,2022-07-19,35113.25,35761.648438,35110.5,35720.351563,35719.9375,183400.0
13,2022-06-20,15334.5,15382.5,15191.099609,15350.150391,15350.150391,260000
13,2022-07-20,36061.300781,36182.699219,35876.550781,35972.101563,35971.683594,173400.0
14,2022-06-21,15455.950195,15707.25,15419.849609,15638.799805,15638.799805,262800
14,2022-07-21,36026.550781,36331.699219,35887.351563,36201.0,36200.578125,153800.0
15,2022-06-22,15545.650391,15565.400391,15385.950195,15413.299805,15413.299805,220900
15,2022-07-22,36322.898438,36823.449219,36286.351563,36738.949219,36738.523438,143600.0
16,2022-06-23,15451.549805,15628.450195,15367.5,15556.650391,15556.650391,259200
16,2022-07-25,36766.699219,37011.199219,36464.648438,36726.398438,36725.972656,139700.0
17,2022-06-24,15657.400391,15749.25,15619.450195,15699.25,15699.25,219600
17,2022-07-26,36688.550781,36695.75,36334.101563,36408.5,36408.078125,114000.0
18,2022-06-27,15926.200195,15927.450195,15815.5,15832.049805,15832.049805,210900
18,2022-07-27,36370.550781,36808.300781,36248.601563,36783.75,36783.324219,113100.0
19,2022-06-28,15757.450195,15892.099609,15710.150391,15850.200195,15850.200195,251900
19,2022-07-28,37102.449219,37414.398438,37028.5,37378.148438,37377.714844,172500.0
20,2022-06-29,15701.700195,15861.599609,15687.799805,15799.099609,15799.099609,444900
20,2022-07-29,37717.300781,37754.648438,37221.148438,37491.398438,37490.960938,166900.0
21,2022-06-30,15774.5,15890.0,15728.849609,15780.25,15780.25,306000
21,2022-08-01,37594.148438,37939.601563,37407.199219,37903.199219,37902.757813,346400.0
22,2022-07-01,15703.700195,15793.950195,15511.049805,15752.049805,15752.049805,364100
22,2022-08-02,37767.699219,38179.851563,37632.300781,38024.0,38023.558594,317300.0
23,2022-07-04,15710.5,15852.349609,15661.799805,15835.349609,15835.349609,304300
23,2022-08-03,37954.550781,38068.601563,37692.949219,37989.25,37988.808594,200300.0
24,2022-07-05,15909.150391,16025.75,15785.450195,15810.849609,15810.849609,254200
24,2022-08-04,38111.050781,38231.851563,37249.5,37755.550781,37755.113281,186300.0
25,2022-07-06,15818.200195,16011.349609,15800.900391,15989.799805,15989.799805,288400
25,2022-08-05,37868.25,38150.449219,37779.898438,37920.601563,37920.160156,175900.0
26,2022-07-07,16113.75,16150.5,16045.950195,16132.900391,16132.900391,264600
26,2022-08-08,37847.351563,38302.351563,37681.449219,38237.398438,38236.953125,174100.0
27,2022-07-08,16273.650391,16275.5,16157.900391,16220.599609,16220.599609,281100
27,2022-08-10,38298.851563,38402.949219,38155.300781,38287.851563,38287.40625,163900.0
28,2022-07-11,16136.150391,16248.549805,16115.5,16216.0,16216.0,255900
28,2022-08-11,38712.949219,38932.101563,38648.898438,38879.851563,38879.398438,200900.0
29,2022-07-12,16126.200195,16158.75,16031.150391,16058.299805,16058.299805,208600
29,2022-08-12,38942.449219,39088.898438,38739.949219,39042.300781,39041.847656,125300.0
30,2022-07-13,16128.200195,16140.0,15950.150391,15966.650391,15966.650391,233300
30,2022-08-16,39284.101563,39444.601563,39119.898438,39239.648438,39239.191406,0.0
31,2022-07-14,16018.849609,16070.849609,15858.200195,15938.650391,15938.650391,228600
31,2022-08-17,39351.300781,39504.5,39202.800781,39461.699219,39461.242188,169800.0
32,2022-07-15,16010.799805,16066.950195,15927.299805,16049.200195,16049.200195,205800
32,2022-08-18,39324.398438,39703.699219,39291.148438,39656.148438,39655.6875,137200.0
33,2022-07-18,16151.400391,16287.950195,16142.200195,16278.5,16278.5,227700
33,2022-08-19,39732.648438,39759.148438,38848.398438,38985.949219,38985.496094,148100.0
34,2022-07-19,16187.049805,16359.5,16187.049805,16340.549805,16340.549805,222600
34,2022-08-22,38693.648438,38732.851563,38247.25,38297.75,38297.304688,124300.0
35,2022-07-20,16562.800781,16588.0,16490.949219,16520.849609,16520.849609,284400
35,2022-08-23,37955.449219,38869.898438,37950.851563,38697.648438,38697.199219,176400.0
36,2022-07-21,16523.550781,16626.949219,16483.900391,16605.25,16605.25,243600
36,2022-08-24,38552.699219,39120.800781,38552.199219,39038.5,39038.046875,214900.0
37,2022-07-22,16661.25,16752.25,16610.900391,16719.449219,16719.449219,190900
37,2022-08-25,39190.050781,39471.75,38803.699219,38950.75,38950.296875,333400.0
38,2022-07-25,16662.550781,16706.050781,16564.25,16631.0,16631.0,211400
38,2022-08-26,39129.648438,39337.101563,38846.800781,38987.148438,38986.695313,196300.0
39,2022-07-26,16632.900391,16636.099609,16463.300781,16483.849609,16483.849609,208200
39,2022-08-29,38111.601563,38397.101563,37943.851563,38276.699219,38276.253906,158000.0
40,2022-07-27,16475.349609,16653.449219,16438.75,16641.800781,16641.800781,185200
40,2022-08-30,38516.949219,39606.550781,38472.699219,39536.75,39536.289063,176800.0
41,2022-07-28,16774.849609,16947.650391,16746.25,16929.599609,16929.599609,376300
41,2022-09-01,38806.699219,39667.648438,38803.300781,39301.25,39300.792969,191200.0
42,2022-07-29,17079.5,17172.800781,17018.150391,17158.25,17158.25,436100
42,2022-09-02,39422.300781,39595.851563,39200.449219,39421.0,39420.542969,133900.0
43,2022-08-01,17243.199219,17356.25,17154.800781,17340.050781,17340.050781,381500
43,2022-09-05,39412.050781,39865.199219,39407.398438,39805.75,39805.289063,214100.0
44,2022-08-02,17310.150391,17390.150391,17215.849609,17345.449219,17345.449219,333600
44,2022-09-06,39892.949219,40073.75,39564.300781,39666.5,39666.039063,210200.0
45,2022-08-03,17349.25,17407.5,17225.849609,17388.150391,17388.150391,285400
45,2022-09-07,39337.75,39572.050781,39258.25,39455.898438,39455.441406,138900.0
46,2022-08-04,17463.099609,17490.699219,17161.25,17382.0,17382.0,325000
46,2022-09-08,39763.898438,40265.75,39706.398438,40208.949219,40208.480469,203800.0
47,2022-08-05,17423.650391,17474.400391,17348.75,17397.5,17397.5,355300
47,2022-09-09,40520.75,40685.949219,40280.300781,40415.699219,40415.230469,207000.0
48,2022-08-08,17401.5,17548.800781,17359.75,17525.099609,17525.099609,257000
48,2022-09-12,40540.449219,40684.898438,40377.898438,40574.0,40573.527344,147000.0
49,2022-08-10,17566.099609,17566.099609,17442.800781,17534.75,17534.75,312700
49,2022-09-13,40802.101563,40904.300781,40693.949219,40873.101563,40872.625,176400.0
50,2022-08-11,17711.650391,17719.300781,17631.949219,17659.0,17659.0,311200
50,2022-09-14,40308.800781,41626.898438,40288.898438,41405.398438,41404.917969,218400.0
51,2022-08-12,17659.650391,17724.650391,17597.849609,17698.150391,17698.150391,303900
51,2022-09-15,41533.699219,41840.148438,41153.5,41209.199219,41208.71875,245300.0
52,2022-08-16,17797.199219,17839.099609,17764.050781,17825.25,17825.25,0
52,2022-09-16,40977.199219,41162.5,40502.050781,40776.800781,40776.328125,244200.0
53,2022-08-17,17868.150391,17965.949219,17833.349609,17944.25,17944.25,262800
53,2022-09-19,40685.601563,41184.25,40509.898438,40904.398438,40903.921875,206000.0
54,2022-08-18,17898.650391,17968.449219,17852.050781,17956.5,17956.5,263900
54,2022-09-20,41304.148438,41677.648438,41207.300781,41468.300781,41467.820313,175200.0
55,2022-08-19,17966.550781,17992.199219,17710.75,17758.449219,17758.449219,295600
55,2022-09-21,41282.601563,41501.699219,40889.148438,41203.449219,41202.96875,151300.0
56,2022-08-22,17682.900391,17690.050781,17467.349609,17490.699219,17490.699219,287600
56,2022-09-22,40889.050781,41159.199219,40360.199219,40630.601563,40630.128906,209500.0
57,2022-08-23,17357.349609,17625.550781,17345.199219,17577.5,17577.5,285600
57,2022-09-23,40429.351563,40528.398438,39412.699219,39546.25,39545.789063,226200.0
58,2022-08-24,17525.449219,17623.650391,17499.25,17604.949219,17604.949219,262000
58,2022-09-26,39027.851563,39229.398438,38492.199219,38616.25,38615.800781,241800.0
59,2022-08-25,17679.0,17726.5,17487.449219,17522.449219,17522.449219,230200
59,2022-09-27,38811.699219,39050.5,38184.898438,38359.148438,38358.703125,168700.0
60,2022-08-26,17619.300781,17685.849609,17519.349609,17558.900391,17558.900391,266600
60,2022-09-28,38081.25,38368.800781,37626.199219,37759.851563,37759.414063,210600.0
61,2022-08-29,17188.650391,17380.150391,17166.199219,17312.900391,17312.900391,244900
61,2022-09-29,38092.851563,38283.398438,37536.648438,37647.75,37647.3125,253000.0
62,2022-08-30,17414.949219,17777.650391,17401.5,17759.300781,17759.300781,324700
62,2022-09-30,37660.0,38811.0,37386.351563,38631.949219,38631.5,246100.0
63,2022-09-01,17485.699219,17695.599609,17468.449219,17542.800781,17542.800781,308500
63,2022-10-03,38444.898438,38641.601563,37963.25,38029.648438,38029.207031,172900.0
64,2022-09-02,17598.400391,17643.849609,17476.449219,17539.449219,17539.449219,256300
64,2022-10-04,38700.398438,39177.5,38596.898438,39110.050781,39109.597656,241100.0
65,2022-09-05,17546.449219,17683.150391,17540.349609,17665.800781,17665.800781,230300
65,2022-10-06,39343.699219,39608.351563,39232.898438,39282.851563,39282.394531,158800.0
66,2022-09-06,17695.699219,17764.650391,17587.650391,17655.599609,17655.599609,251200
66,2022-10-07,39093.5,39235.050781,38807.5,39178.050781,39177.59375,165000.0
67,2022-09-07,17519.400391,17650.75,17484.300781,17624.400391,17624.400391,354100
67,2022-10-10,38641.550781,39315.699219,38518.300781,39093.101563,39092.648438,159700.0
68,2022-09-08,17748.150391,17807.650391,17691.949219,17798.75,17798.75,279800
68,2022-10-11,39058.851563,39174.949219,38622.75,38712.449219,38712.0,177600.0
69,2022-09-09,17923.349609,17925.949219,17786.0,17833.349609,17833.349609,270300
69,2022-10-12,38784.199219,39164.101563,38606.398438,39118.550781,39118.097656,195800.0
70,2022-09-12,17890.849609,17980.550781,17889.150391,17936.349609,17936.349609,228200
70,2022-10-13,38957.648438,39061.300781,38437.949219,38624.0,38623.550781,158900.0
71,2022-09-13,18044.449219,18088.300781,18015.449219,18070.050781,18070.050781,259900
71,2022-10-14,39446.050781,39570.851563,39196.300781,39305.601563,39305.144531,185600.0
72,2022-09-14,17771.150391,18091.550781,17771.150391,18003.75,18003.75,365900
72,2022-10-17,39295.601563,39974.699219,39146.699219,39920.449219,39919.984375,201600.0
73,2022-09-15,18046.349609,18096.150391,17861.5,17877.400391,17877.400391,289600
73,2022-10-18,40252.050781,40435.351563,40139.851563,40318.75,40318.28125,245200.0
74,2022-09-16,17796.800781,17820.050781,17497.25,17530.849609,17530.849609,468500
74,2022-10-19,40556.648438,40643.601563,40195.199219,40373.199219,40372.730469,232900.0
75,2022-09-19,17540.650391,17667.199219,17429.699219,17622.25,17622.25,258300
75,2022-10-20,40149.5,40208.351563,39848.851563,40099.550781,40099.085938,262800.0
76,2022-09-20,17770.400391,17919.300781,17744.400391,17816.25,17816.25,263100
76,2022-10-21,40370.75,41032.25,40355.449219,40784.050781,40783.578125,324200.0
77,2022-09-21,17766.349609,17838.699219,17663.599609,17718.349609,17718.349609,245500
77,2022-10-24,41348.351563,41427.25,41201.148438,41304.898438,41304.417969,74300.0
78,2022-09-22,17609.650391,17722.75,17532.449219,17629.800781,17629.800781,284100
78,2022-10-25,41513.648438,41530.648438,41021.449219,41122.75,41122.273438,351800.0
79,2022-09-23,17593.849609,17642.150391,17291.650391,17327.349609,17327.349609,390800
79,2022-10-27,41440.699219,41511.800781,41178.648438,41299.300781,41298.820313,239400.0
80,2022-09-26,17156.300781,17196.400391,16978.300781,17016.300781,17016.300781,492000
80,2022-10-28,41236.800781,41482.398438,40839.300781,40990.851563,40990.375,237100.0
81,2022-09-27,17110.900391,17176.449219,16942.349609,17007.400391,17007.400391,359900
81,2022-10-31,41265.699219,41353.699219,41106.101563,41307.898438,41307.417969,237200.0
82,2022-09-28,16870.550781,17037.599609,16820.400391,16858.599609,16858.599609,323900
82,2022-11-01,41552.398438,41677.25,41188.550781,41289.550781,41289.070313,304400.0
83,2022-09-29,16993.599609,17026.050781,16788.599609,16818.099609,16818.099609,340000
83,2022-11-02,41472.601563,41474.300781,41060.449219,41146.648438,41146.171875,175800.0
84,2022-09-30,16798.050781,17187.099609,16747.699219,17094.349609,17094.349609,376100
84,2022-11-03,40873.699219,41478.0,40819.148438,41298.351563,41297.871094,263600.0
85,2022-10-03,17102.099609,17114.650391,16855.550781,16887.349609,16887.349609,278400
85,2022-11-04,41314.851563,41516.199219,41051.148438,41258.449219,41257.96875,190400.0
86,2022-10-04,17147.449219,17287.300781,17117.300781,17274.300781,17274.300781,226000
86,2022-11-07,41740.648438,41779.398438,41337.050781,41686.699219,41686.214844,393400.0
87,2022-10-06,17379.25,17428.800781,17315.650391,17331.800781,17331.800781,265500
87,2022-11-09,41914.851563,41948.898438,41667.898438,41783.199219,41782.714844,490500.0
88,2022-10-07,17287.199219,17337.349609,17216.949219,17314.650391,17314.650391,216300
88,2022-11-10,41462.851563,41643.898438,41318.601563,41603.75,41603.265625,253400.0
89,2022-10-10,17094.349609,17280.150391,17064.699219,17241.0,17241.0,234000
89,2022-11-11,42163.398438,42345.5,41918.101563,42137.050781,42136.5625,255400.0
90,2022-10-11,17256.050781,17261.800781,16950.300781,16983.550781,16983.550781,282600
90,2022-11-14,42177.550781,42231.449219,41965.449219,42076.75,42076.261719,142700.0
91,2022-10-12,17025.550781,17142.349609,16960.050781,17123.599609,17123.599609,256000
91,2022-11-15,42234.851563,42450.050781,42079.550781,42372.699219,42372.207031,139400.0
92,2022-10-13,17087.349609,17112.349609,16956.949219,17014.349609,17014.349609,266400
92,2022-11-16,42371.800781,42611.75,42296.300781,42535.300781,42534.804688,185400.0
93,2022-10-14,17322.300781,17348.550781,17169.75,17185.699219,17185.699219,227000
93,2022-11-17,42399.648438,42622.75,42366.550781,42458.050781,42457.558594,165400.0
94,2022-10-17,17144.800781,17328.550781,17098.550781,17311.800781,17311.800781,212200
94,2022-11-18,42545.75,42590.75,42223.699219,42437.449219,42436.957031,280100.0
95,2022-10-18,17438.75,17527.800781,17434.050781,17486.949219,17486.949219,239500
95,2022-11-21,42286.949219,42386.800781,42202.550781,42346.550781,42346.058594,259100.0
96,2022-10-19,17568.150391,17607.599609,17472.849609,17512.25,17512.25,210500
96,2022-11-22,42467.398438,42508.75,42347.148438,42457.050781,42456.558594,216300.0
97,2022-10-20,17423.099609,17584.150391,17421.0,17563.949219,17563.949219,249600
97,2022-11-23,42668.550781,42860.550781,42556.398438,42729.101563,42728.605469,359100.0
98,2022-10-21,17622.849609,17670.150391,17520.75,17576.300781,17576.300781,277700
98,2022-11-24,42838.351563,43163.398438,42769.648438,43075.398438,43074.898438,204900.0
99,2022-10-24,17736.349609,17777.550781,17707.400391,17730.75,17730.75,45000
99,2022-11-25,43192.449219,43339.148438,42864.949219,42983.949219,42983.449219,502800.0
100,2022-10-25,17808.300781,17811.5,17637.0,17656.349609,17656.349609,251400
100,2022-11-28,42757.199219,43159.800781,42740.0,43020.449219,43019.949219,238700.0
101,2022-10-27,17771.400391,17783.900391,17654.5,17736.949219,17736.949219,324600
101,2022-11-29,42959.398438,43279.601563,42959.398438,43053.449219,43052.949219,223000.0
102,2022-10-28,17756.400391,17838.900391,17723.699219,17786.800781,17786.800781,250000
102,2022-11-30,43122.75,43332.300781,42880.050781,43231.0,43230.496094,202000.0
103,2022-10-31,17910.199219,18022.800781,17899.900391,18012.199219,18012.199219,227200
103,2022-12-01,43512.101563,43515.050781,43101.851563,43260.648438,43260.144531,268400.0
104,2022-11-01,18130.699219,18175.800781,18060.150391,18145.400391,18145.400391,349900
104,2022-12-02,42976.699219,43131.898438,42937.800781,43103.75,43103.25,212800.0
105,2022-11-02,18177.900391,18178.75,18048.650391,18082.849609,18082.849609,270900
105,2022-12-05,43269.351563,43372.148438,42985.0,43332.949219,43332.445313,242600.0
106,2022-11-03,17968.349609,18106.300781,17959.199219,18052.699219,18052.699219,213000
106,2022-12-06,43093.898438,43306.851563,43076.398438,43138.550781,43138.050781,379200.0
107,2022-11-04,18053.400391,18135.099609,18017.150391,18117.150391,18117.150391,267900
107,2022-12-07,43157.351563,43327.351563,42948.449219,43098.699219,43098.199219,242900.0
108,2022-11-07,18211.75,18255.5,18064.75,18202.800781,18202.800781,314800
108,2022-12-08,43142.25,43640.898438,43095.300781,43596.851563,43596.34375,355700.0
109,2022-11-09,18288.25,18296.400391,18117.5,18157.0,18157.0,307200
109,2022-12-09,43765.300781,43853.398438,43361.699219,43633.449219,43632.941406,443500.0
110,2022-11-10,18044.349609,18103.099609,17969.400391,18028.199219,18028.199219,256500
110,2022-12-12,43455.851563,43767.050781,43378.800781,43708.75,43708.242188,234200.0
111,2022-11-11,18272.349609,18362.300781,18259.349609,18349.699219,18349.699219,378500
111,2022-12-13,43793.699219,43983.800781,43767.75,43946.550781,43946.039063,277000.0
112,2022-11-14,18376.400391,18399.449219,18311.400391,18329.150391,18329.150391,301400
112,2022-12-14,44078.601563,44151.800781,43987.949219,44049.101563,44048.589844,349200.0
113,2022-11-15,18362.75,18427.949219,18282.0,18403.400391,18403.400391,250900
113,2022-12-15,43940.101563,44120.601563,43379.101563,43498.199219,43497.695313,421900.0
114,2022-11-16,18398.25,18442.150391,18344.150391,18409.650391,18409.650391,219300
114,2022-12-16,43261.75,43598.199219,43080.550781,43219.5,43218.996094,275200.0
115,2022-11-17,18358.699219,18417.599609,18312.949219,18343.900391,18343.900391,200500
115,2022-12-19,43346.351563,43451.449219,43110.300781,43413.75,43413.246094,175600.0
116,2022-11-18,18382.949219,18394.599609,18209.800781,18307.650391,18307.650391,198800
116,2022-12-20,43152.648438,43426.199219,42955.398438,43359.5,43358.996094,182300.0
117,2022-11-21,18246.400391,18262.300781,18133.349609,18159.949219,18159.949219,213800
117,2022-12-21,43525.75,43614.648438,42363.800781,42617.949219,42617.453125,279400.0
118,2022-11-22,18179.150391,18261.849609,18137.699219,18244.199219,18244.199219,177700
118,2022-12-22,42864.0,42933.5,42231.351563,42408.800781,42408.308594,344800.0
119,2022-11-23,18325.199219,18325.400391,18246.0,18267.25,18267.25,178800
119,2022-12-23,41951.351563,42226.648438,41597.648438,41668.050781,41667.566406,332600.0
120,2022-11-24,18326.099609,18529.699219,18294.25,18484.099609,18484.099609,204000
120,2022-12-26,,,,,,
121,2022-11-25,18528.449219,18534.900391,18445.099609,18512.75,18512.75,205900
121,2022-12-27,42827.75,42927.199219,42394.148438,42859.5,42859.0,229600.0
122,2022-11-28,18430.550781,18614.25,18365.599609,18562.75,18562.75,206500
122,2022-12-28,42733.601563,43034.949219,42694.851563,42827.699219,42827.203125,230500.0
123,2022-11-29,18552.449219,18678.099609,18552.150391,18618.050781,18618.050781,195300
123,2022-12-29,42684.898438,43498.050781,42489.800781,43252.351563,43251.847656,308300.0
124,2022-11-30,18625.699219,18816.050781,18616.550781,18758.349609,18758.349609,345600
124,2022-12-30,43401.699219,43422.949219,42833.101563,42986.449219,42985.949219,258700.0
125,2022-12-01,18871.949219,18887.599609,18778.199219,18812.5,18812.5,325000
125,2023-01-02,43038.25,43382.75,42961.75,43203.101563,43203.101563,1798102100.0
126,2022-12-02,18752.400391,18781.949219,18639.199219,18696.099609,18696.099609,254400
126,2023-01-03,43151.449219,43482.800781,43148.449219,43425.25,43425.25,197000.0
127,2022-12-05,18719.550781,18728.599609,18591.349609,18701.050781,18701.050781,288400
127,2023-01-04,43417.5,43578.398438,42858.648438,42958.800781,42958.800781,216800.0
128,2022-12-06,18600.650391,18654.900391,18577.900391,18642.75,18642.75,217800
128,2023-01-05,43073.050781,43137.550781,42298.601563,42608.699219,42608.699219,189100.0
129,2022-12-07,18638.849609,18668.300781,18528.400391,18560.5,18560.5,200500
129,2023-01-06,42649.699219,42685.898438,41877.0,42188.800781,42188.800781,195100.0
130,2022-12-08,18570.849609,18625.0,18536.949219,18609.349609,18609.349609,202800
130,2023-01-09,42404.851563,42716.800781,42186.550781,42582.75,42582.75,161800.0
131,2022-12-09,18662.400391,18664.699219,18410.099609,18496.599609,18496.599609,215800
131,2023-01-10,42642.0,42674.25,41835.75,42014.75,42014.75,179300.0
132,2022-12-12,18402.150391,18521.550781,18345.699219,18497.150391,18497.150391,193900
132,2023-01-11,42071.851563,42318.0,41729.0,42232.699219,42232.699219,169800.0
133,2022-12-13,18524.400391,18617.25,18490.199219,18608.0,18608.0,187600
133,2023-01-12,42238.5,42343.5,41742.949219,42082.25,42082.25,154100.0
134,2022-12-14,18671.25,18696.099609,18632.900391,18660.300781,18660.300781,208000
134,2023-01-13,42171.25,42453.949219,41885.601563,42371.25,42371.25,205500.0
135,2022-12-15,18614.400391,18652.900391,18387.699219,18414.900391,18414.900391,183100
135,2023-01-16,42622.5,42715.648438,42066.550781,42167.550781,42167.550781,312300.0
136,2022-12-16,18319.099609,18440.949219,18255.150391,18269.0,18269.0,277700
136,2023-01-17,42241.199219,42383.800781,41861.101563,42235.050781,42235.050781,256300.0
137,2022-12-19,18288.099609,18431.650391,18244.550781,18420.449219,18420.449219,154800
137,2023-01-18,42271.800781,42555.898438,42119.648438,42458.0,42458.0,170500.0
138,2022-12-20,18340.300781,18404.900391,18202.650391,18385.300781,18385.300781,169000
138,2023-01-19,42416.300781,42506.25,42234.898438,42328.851563,42328.851563,143400.0
139,2022-12-21,18435.150391,18473.349609,18162.75,18199.099609,18199.099609,187600
139,2023-01-20,42516.050781,42709.199219,42366.148438,42506.800781,42506.800781,159100.0
140,2022-12-22,18288.800781,18318.75,18068.599609,18127.349609,18127.349609,195700
140,2023-01-23,42891.449219,43005.851563,42727.699219,42821.25,42821.25,203600.0
141,2022-12-23,17977.650391,18050.449219,17779.5,17806.800781,17806.800781,221500
141,2023-01-24,42994.449219,43078.898438,42615.648438,42733.449219,42733.449219,159500.0
142,2022-12-26,17830.400391,18084.099609,17774.25,18014.599609,18014.599609,176700
142,2023-01-25,42703.601563,42733.050781,41540.300781,41647.648438,41647.648438,244700.0
143,2022-12-27,18089.800781,18149.25,17967.449219,18132.300781,18132.300781,214300
143,2023-01-27,41382.351563,41417.898438,40148.800781,40345.300781,40345.300781,350800.0
144,2022-12-28,18084.75,18173.099609,18068.349609,18122.5,18122.5,193900
144,2023-01-30,39856.148438,40789.550781,39419.800781,40387.449219,40387.449219,369900.0
145,2022-12-29,18045.699219,18229.699219,17992.800781,18191.0,18191.0,281100
145,2023-01-31,40563.851563,40811.648438,40167.699219,40655.050781,40655.050781,289900.0
146,2022-12-30,18259.099609,18265.25,18080.300781,18105.300781,18105.300781,192000
146,2023-02-01,41115.0,42015.648438,39490.5,40513.0,40513.0,400100.0
147,2023-01-02,18131.699219,18215.150391,18086.5,18197.449219,18197.449219,256100
147,2023-02-02,39943.351563,40757.601563,39761.449219,40669.300781,40669.300781,348500.0
148,2023-01-03,18163.199219,18251.949219,18149.800781,18232.550781,18232.550781,208700
148,2023-02-03,41019.351563,41539.949219,40609.75,41499.699219,41499.699219,308800.0
149,2023-01-04,18230.650391,18243.0,18020.599609,18042.949219,18042.949219,235200
149,2023-02-06,41530.148438,41724.5,41261.199219,41374.648438,41374.648438,197800.0
150,2023-01-05,18101.949219,18120.300781,17892.599609,17992.150391,17992.150391,269900
150,2023-02-07,41513.101563,41630.75,41095.101563,41490.949219,41490.949219,171900.0
151,2023-01-06,18008.050781,18047.400391,17795.550781,17859.449219,17859.449219,238200
151,2023-02-08,41542.050781,41791.949219,41403.050781,41537.648438,41537.648438,136500.0
152,2023-01-09,17952.550781,18141.400391,17936.150391,18101.199219,18101.199219,257200
152,2023-02-09,41634.0,41634.0,41252.949219,41554.300781,41554.300781,142900.0
153,2023-01-10,18121.300781,18127.599609,17856.0,17914.150391,17914.150391,283300
153,2023-02-10,41452.398438,41678.898438,41424.898438,41559.398438,41559.398438,155000.0
154,2023-01-11,17924.25,17976.349609,17824.349609,17895.699219,17895.699219,259900
154,2023-02-13,41563.5,41662.550781,41157.898438,41282.199219,41282.199219,147000.0
155,2023-01-12,17920.849609,17945.800781,17761.650391,17858.199219,17858.199219,227800
155,2023-02-14,41410.449219,41718.0,41195.75,41648.351563,41648.351563,143100.0
156,2023-01-13,17867.5,17999.349609,17774.25,17956.599609,17956.599609,256700
156,2023-02-15,41674.601563,41795.449219,41455.601563,41731.050781,41731.050781,116300.0
157,2023-01-16,18033.150391,18049.650391,17853.650391,17894.849609,17894.849609,206200
157,2023-02-16,41925.699219,41979.101563,41521.949219,41631.351563,41631.351563,111700.0
158,2023-01-17,17922.800781,18072.050781,17886.949219,18053.300781,18053.300781,219100
158,2023-02-17,41514.0,41516.300781,40882.699219,41131.75,41131.75,138800.0
159,2023-01-18,18074.300781,18183.75,18032.449219,18165.349609,18165.349609,255800
159,2023-02-20,41221.550781,41292.601563,40580.101563,40701.699219,40701.699219,143700.0
160,2023-01-19,18119.800781,18155.199219,18063.75,18107.849609,18107.849609,237800
160,2023-02-21,40784.898438,40946.199219,40508.25,40673.601563,40673.601563,170200.0
161,2023-01-20,18115.599609,18145.449219,18016.199219,18027.650391,18027.650391,237200
161,2023-02-22,40494.148438,40529.25,39899.0,39995.898438,39995.898438,155200.0
162,2023-01-23,18118.449219,18162.599609,18063.449219,18118.550781,18118.550781,202500
162,2023-02-23,39983.699219,40147.800781,39600.25,40001.550781,40001.550781,200500.0
163,2023-01-24,18183.949219,18201.25,18078.650391,18118.300781,18118.300781,216900
163,2023-02-24,40259.101563,40348.101563,39818.898438,39909.398438,39909.398438,144600.0
164,2023-01-25,18093.349609,18100.599609,17846.150391,17891.949219,17891.949219,257200
164,2023-02-27,39820.398438,40371.449219,39745.398438,40307.101563,40307.101563,165200.0
165,2023-01-27,17877.199219,17884.75,17493.550781,17604.349609,17604.349609,476300
165,2023-02-28,40302.699219,40391.449219,40073.0,40269.050781,40269.050781,327800.0
166,2023-01-30,17541.949219,17709.150391,17405.550781,17648.949219,17648.949219,432400
166,2023-03-01,40473.851563,40725.351563,40341.949219,40698.148438,40698.148438,169800.0
167,2023-01-31,17731.449219,17735.699219,17537.550781,17662.150391,17662.150391,398300
167,2023-03-02,40604.550781,40773.25,40312.898438,40389.800781,40389.800781,149200.0
168,2023-02-01,17811.599609,17972.199219,17353.400391,17616.300781,17616.300781,512900
168,2023-03-03,40671.398438,41390.148438,40605.351563,41251.351563,41251.351563,213800.0
169,2023-02-02,17517.099609,17653.900391,17445.949219,17610.400391,17610.400391,490100
169,2023-03-06,41418.398438,41671.199219,41259.148438,41350.398438,41350.398438,180200.0
170,2023-02-03,17721.75,17870.300781,17584.199219,17854.050781,17854.050781,424100
170,2023-03-08,41178.351563,41625.351563,41100.351563,41577.101563,41577.101563,157600.0
171,2023-02-06,17818.550781,17823.699219,17698.349609,17764.599609,17764.599609,282500
171,2023-03-09,41532.648438,41659.0,41208.101563,41256.75,41256.75,119200.0
172,2023-02-07,17790.099609,17811.150391,17652.550781,17721.5,17721.5,354400
172,2023-03-10,40805.25,40839.0,40341.699219,40485.449219,40485.449219,145300.0
173,2023-02-08,17750.300781,17898.699219,17744.150391,17871.699219,17871.699219,291000
173,2023-03-13,40356.101563,40690.050781,39454.601563,39564.699219,39564.699219,174500.0
174,2023-02-09,17885.5,17916.900391,17779.800781,17893.449219,17893.449219,260900
174,2023-03-14,39522.398438,39768.5,39132.601563,39411.398438,39411.398438,205700.0
175,2023-02-10,17847.550781,17876.949219,17801.0,17856.5,17856.5,232000
175,2023-03-15,39777.898438,39914.101563,38934.648438,39051.5,39051.5,164300.0
176,2023-02-13,17859.099609,17880.699219,17719.75,17770.900391,17770.900391,231300
176,2023-03-16,39061.699219,39381.398438,38613.148438,39132.601563,39132.601563,196300.0
177,2023-02-14,17840.349609,17954.550781,17800.050781,17929.849609,17929.849609,244500
177,2023-03-17,39442.398438,39705.148438,38926.800781,39598.101563,39598.101563,173400.0
178,2023-02-15,17896.599609,18034.099609,17853.800781,18015.849609,18015.849609,229300
178,2023-03-20,39512.101563,39512.101563,38941.898438,39361.949219,39361.949219,173800.0
179,2023-02-16,18094.75,18134.75,18000.650391,18035.849609,18035.849609,230200
179,2023-03-21,39599.648438,39970.898438,39366.300781,39894.699219,39894.699219,187900.0
180,2023-02-17,17974.849609,18034.25,17884.599609,17944.199219,17944.199219,208100
180,2023-03-22,40036.0,40085.601563,39837.800781,39999.050781,39999.050781,0.0
181,2023-02-20,17965.550781,18004.349609,17818.400391,17844.599609,17844.599609,174600
181,2023-03-23,39836.148438,40201.601563,39552.5,39616.898438,39616.898438,153200.0
182,2023-02-21,17905.800781,17924.900391,17800.300781,17826.699219,17826.699219,198200
182,2023-03-24,39555.25,39767.898438,39294.898438,39395.351563,39395.351563,166100.0
183,2023-02-22,17755.349609,17772.5,17529.449219,17554.300781,17554.300781,204000
183,2023-03-27,39484.699219,39695.199219,39273.75,39431.300781,39431.300781,194200.0
184,2023-02-23,17574.650391,17620.050781,17455.400391,17511.25,17511.25,240800
184,2023-03-28,39545.050781,39645.199219,39326.101563,39567.898438,39567.898438,202300.0
185,2023-02-24,17591.349609,17599.75,17421.800781,17465.800781,17465.800781,209400
185,2023-03-29,39611.550781,40055.0,39609.550781,39910.148438,39910.148438,259600.0
186,2023-02-27,17428.599609,17451.599609,17299.0,17392.699219,17392.699219,246400
186,2023-03-31,40231.25,40690.398438,40180.199219,40608.648438,40608.648438,188000.0
187,2023-02-28,17383.25,17440.449219,17255.199219,17303.949219,17303.949219,420900
187,2023-04-03,40695.800781,40857.601563,40535.898438,40813.050781,40813.050781,167500.0
188,2023-03-01,17360.099609,17467.75,17345.25,17450.900391,17450.900391,272900
188,2023-04-05,40972.300781,41071.148438,40802.648438,40999.148438,40999.148438,177400.0
189,2023-03-02,17421.5,17445.800781,17306.0,17321.900391,17321.900391,310700
189,2023-04-06,40940.699219,41274.699219,40820.550781,41041.0,41041.0,196500.0
190,2023-03-03,17451.25,17644.75,17427.699219,17594.349609,17594.349609,356200
190,2023-04-10,41116.148438,41139.851563,40727.25,40834.648438,40834.648438,153900.0
191,2023-03-06,17680.349609,17799.949219,17671.949219,17711.449219,17711.449219,362800
191,2023-04-11,41232.0,41403.25,40990.199219,41366.5,41366.5,219200.0
192,2023-03-08,17665.75,17766.5,17602.25,17754.400391,17754.400391,267000
192,2023-04-12,41426.0,41610.148438,41332.0,41557.949219,41557.949219,143000.0
193,2023-03-09,17772.050781,17772.349609,17573.599609,17589.599609,17589.599609,262400
193,2023-04-13,41680.101563,42196.199219,41502.648438,42132.550781,42132.550781,232600.0
194,2023-03-10,17443.800781,17451.5,17324.349609,17412.900391,17412.900391,235900
194,2023-04-17,42603.550781,42603.550781,41799.0,42262.550781,42262.550781,229100.0
195,2023-03-13,17421.900391,17529.900391,17113.449219,17154.300781,17154.300781,254900
195,2023-04-18,42406.949219,42500.699219,42114.351563,42265.199219,42265.199219,214200.0
196,2023-03-14,17160.550781,17224.650391,16987.099609,17043.300781,17043.300781,290600
196,2023-04-19,42280.101563,42339.898438,42022.148438,42154.0,42154.0,170000.0
197,2023-03-15,17166.449219,17211.349609,16938.900391,16972.150391,16972.150391,248200
197,2023-04-20,42218.5,42378.148438,42108.851563,42269.5,42269.5,180200.0
198,2023-03-16,16994.650391,17062.449219,16850.150391,16985.599609,16985.599609,349800
198,2023-04-21,42252.550781,42382.148438,41962.351563,42118.0,42118.0,144100.0
199,2023-03-17,17111.800781,17145.800781,16958.150391,17100.050781,17100.050781,408100
199,2023-04-24,42469.949219,42714.148438,42269.101563,42635.75,42635.75,201000.0
200,2023-03-20,17066.599609,17066.599609,16828.349609,16988.400391,16988.400391,241800
200,2023-04-25,42731.601563,42865.550781,42601.5,42678.5,42678.5,262400.0
201,2023-03-21,17060.400391,17127.699219,17016.0,17107.5,17107.5,246700
201,2023-04-26,42559.050781,42875.601563,42432.25,42829.898438,42829.898438,178000.0
202,2023-03-22,17177.449219,17207.25,17107.849609,17151.900391,17151.900391,0
202,2023-04-27,42753.898438,43043.398438,42736.601563,43000.851563,43000.851563,181400.0
203,2023-03-23,17097.400391,17205.400391,17045.300781,17076.900391,17076.900391,219200
203,2023-04-28,43045.5,43302.050781,42810.351563,43233.898438,43233.898438,238700.0
204,2023-03-24,17076.199219,17109.449219,16917.349609,16945.050781,16945.050781,228000
204,2023-05-02,43395.050781,43483.851563,43269.398438,43352.101563,43352.101563,241600.0
205,2023-03-27,16984.300781,17091.0,16918.550781,16985.699219,16985.699219,218400
205,2023-05-03,43154.851563,43354.949219,43078.148438,43312.699219,43312.699219,175900.0
206,2023-03-28,17031.75,17061.75,16913.75,16951.699219,16951.699219,238800
206,2023-05-04,43236.101563,43739.800781,43213.949219,43685.449219,43685.449219,175400.0
207,2023-03-29,16977.300781,17126.150391,16940.599609,17080.699219,17080.699219,345900
207,2023-05-05,43110.648438,43588.0,42582.199219,42661.199219,42661.199219,251200.0
208,2023-03-31,17210.349609,17381.599609,17204.650391,17359.75,17359.75,263900
208,2023-05-08,42796.851563,43418.550781,42780.300781,43284.0,43284.0,223400.0
209,2023-04-03,17427.949219,17428.050781,17312.75,17398.050781,17398.050781,230200
209,2023-05-09,43438.550781,43533.25,43125.851563,43198.148438,43198.148438,229000.0
210,2023-04-05,17422.300781,17570.550781,17402.699219,17557.050781,17557.050781,248300
210,2023-05-10,43275.25,43383.648438,42822.148438,43331.050781,43331.050781,249100.0
211,2023-04-06,17533.849609,17638.699219,17502.849609,17599.150391,17599.150391,242700
211,2023-05-11,43535.101563,43774.25,43367.25,43475.300781,43475.300781,190700.0
212,2023-04-10,17634.900391,17694.099609,17597.949219,17624.050781,17624.050781,254800
212,2023-05-12,43447.148438,43905.949219,43347.75,43793.550781,43793.550781,144900.0
213,2023-04-11,17704.800781,17748.75,17655.150391,17722.300781,17722.300781,304300
213,2023-05-15,43821.050781,44151.699219,43666.601563,44072.101563,44072.101563,161300.0
214,2023-04-12,17759.550781,17825.75,17717.25,17812.400391,17812.400391,232800
214,2023-05-16,44144.148438,44144.148438,43815.699219,43903.699219,43903.699219,222500.0
215,2023-04-13,17807.300781,17842.150391,17729.650391,17828.0,17828.0,285800
215,2023-05-17,43948.5,43992.75,43446.398438,43698.699219,43698.699219,203600.0
216,2023-04-17,17863.0,17863.0,17574.050781,17706.849609,17706.849609,357400
216,2023-05-18,44006.898438,44079.199219,43673.699219,43752.300781,43752.300781,226500.0
217,2023-04-18,17766.599609,17766.599609,17610.199219,17660.150391,17660.150391,258900
217,2023-05-19,43930.0,44020.898438,43531.898438,43969.398438,43969.398438,192000.0
218,2023-04-19,17653.349609,17666.150391,17579.849609,17618.75,17618.75,281500
218,2023-05-22,43935.300781,44026.75,43684.898438,43885.101563,43885.101563,183800.0
219,2023-04-20,17638.599609,17684.449219,17584.349609,17624.449219,17624.449219,215100
219,2023-05-23,43978.898438,44095.25,43852.199219,43954.449219,43954.449219,142000.0
220,2023-04-21,17639.75,17663.199219,17553.949219,17624.050781,17624.050781,230200
220,2023-05-24,43751.949219,44010.449219,43639.800781,43677.851563,43677.851563,148600.0
221,2023-04-24,17707.550781,17754.5,17612.5,17743.400391,17743.400391,255700
221,2023-05-25,43630.25,43719.851563,43390.300781,43681.398438,43681.398438,170200.0
222,2023-04-25,17761.550781,17807.449219,17716.849609,17769.25,17769.25,297400
222,2023-05-26,43765.351563,44067.601563,43588.800781,44018.0,44018.0,143200.0
223,2023-04-26,17767.300781,17827.75,17711.199219,17813.599609,17813.599609,233000
223,2023-05-29,44276.800781,44483.351563,44193.949219,44311.898438,44311.898438,148600.0
224,2023-04-27,17813.099609,17931.599609,17797.900391,17915.050781,17915.050781,241400
224,2023-05-30,44277.351563,44498.601563,44207.5,44436.351563,44436.351563,157600.0
225,2023-04-28,17950.400391,18089.150391,17885.300781,18065.0,18065.0,290300
225,2023-05-31,44318.0,44339.050781,43822.699219,44128.148438,44128.148438,305700.0
226,2023-05-02,18124.800781,18180.25,18101.75,18147.650391,18147.650391,265200
226,2023-06-01,44172.050781,44179.949219,43706.148438,43790.199219,43790.199219,182900.0
227,2023-05-03,18113.800781,18116.349609,18042.400391,18089.849609,18089.849609,226200
227,2023-06-02,43997.300781,44088.898438,43812.550781,43937.851563,43937.851563,123900.0
228,2023-05-04,18081.0,18267.449219,18066.699219,18255.800781,18255.800781,226600
228,2023-06-05,44103.25,44266.148438,44074.199219,44101.648438,44101.648438,124500.0
229,2023-05-05,18117.300781,18216.949219,18055.449219,18069.0,18069.0,239700
229,2023-06-06,44156.699219,44236.199219,44009.699219,44164.550781,44164.550781,123600.0
230,2023-05-08,18120.599609,18286.949219,18100.300781,18264.400391,18264.400391,228400
230,2023-06-07,44318.699219,44346.300781,44143.5,44275.300781,44275.300781,119200.0
231,2023-05-09,18303.400391,18344.199219,18229.650391,18265.949219,18265.949219,245400
231,2023-06-08,44208.300781,44459.25,43917.898438,43995.25,43995.25,160200.0
232,2023-05-10,18313.599609,18326.75,18211.949219,18315.099609,18315.099609,220500
232,2023-06-09,44045.75,44220.101563,43932.601563,43989.0,43989.0,132300.0
233,2023-05-11,18357.800781,18389.699219,18270.400391,18297.0,18297.0,248900
233,2023-06-12,44035.199219,44124.949219,43874.050781,43944.199219,43944.199219,91400.0
234,2023-05-12,18273.75,18342.75,18194.550781,18314.800781,18314.800781,241700
234,2023-06-13,43889.699219,44138.148438,43889.699219,44079.851563,44079.851563,160000.0
235,2023-05-15,18339.300781,18458.900391,18287.900391,18398.849609,18398.849609,216100
235,2023-06-14,44181.648438,44212.351563,43956.148438,43988.0,43988.0,154600.0
236,2023-05-16,18432.349609,18432.349609,18264.349609,18286.5,18286.5,219500
236,2023-06-15,44054.351563,44077.449219,43397.5,43443.601563,43443.601563,228200.0
237,2023-05-17,18300.449219,18309.0,18115.349609,18181.75,18181.75,229900
237,2023-06-16,43583.351563,44083.25,43536.949219,43938.148438,43938.148438,234700.0
238,2023-05-18,18287.5,18297.199219,18104.849609,18129.949219,18129.949219,272100
238,2023-06-19,44015.300781,44040.351563,43501.398438,43633.75,43633.75,234900.0
239,2023-05-19,18186.150391,18218.099609,18060.400391,18203.400391,18203.400391,260900
239,2023-06-20,43597.550781,43823.949219,43345.949219,43766.5,43766.5,161900.0
240,2023-05-22,18201.099609,18335.25,18178.849609,18314.400391,18314.400391,262600
240,2023-06-21,43894.398438,43946.699219,43698.949219,43859.199219,43859.199219,180000.0
241,2023-05-23,18362.900391,18419.75,18324.199219,18348.0,18348.0,270400
241,2023-06-22,43874.800781,44042.148438,43663.351563,43724.851563,43724.851563,263800.0
242,2023-05-24,18294.800781,18392.599609,18262.949219,18285.400391,18285.400391,232600
242,2023-06-23,43641.601563,43824.101563,43519.550781,43622.898438,43622.898438,161300.0
243,2023-05-25,18268.900391,18338.099609,18202.400391,18321.150391,18321.150391,235900
243,2023-06-26,43714.75,43773.101563,43541.75,43641.050781,43641.050781,120700.0
244,2023-05-26,18368.349609,18508.550781,18333.150391,18499.349609,18499.349609,198700
244,2023-06-27,43804.550781,44194.648438,43693.148438,44121.5,44121.5,137300.0
245,2023-05-29,18619.150391,18641.199219,18581.25,18598.650391,18598.650391,265300
245,2023-06-28,44419.5,44508.398438,44163.199219,44327.800781,44327.800781,243800.0
246,2023-05-30,18606.650391,18662.449219,18575.5,18633.849609,18633.849609,234400
246,2023-06-30,44666.0,44787.101563,44447.199219,44747.351563,44747.351563,191300.0
247,2023-05-31,18594.199219,18603.900391,18483.849609,18534.400391,18534.400391,696500
248,2023-06-01,18579.400391,18580.300781,18464.550781,18487.75,18487.75,265600
249,2023-06-02,18550.849609,18573.699219,18478.400391,18534.099609,18534.099609,270900
250,2023-06-05,18612.0,18640.150391,18582.800781,18593.849609,18593.849609,256100
251,2023-06-06,18600.800781,18622.75,18531.599609,18599.0,18599.0,220800
252,2023-06-07,18665.599609,18738.949219,18636.0,18726.400391,18726.400391,260100
253,2023-06-08,18725.349609,18777.900391,18615.599609,18634.550781,18634.550781,286500
254,2023-06-09,18655.900391,18676.650391,18555.400391,18563.400391,18563.400391,221800
255,2023-06-12,18595.050781,18633.599609,18559.75,18601.5,18601.5,179500
256,2023-06-13,18631.800781,18728.900391,18631.800781,18716.150391,18716.150391,233200
257,2023-06-14,18744.599609,18769.699219,18690.0,18755.900391,18755.900391,261400
258,2023-06-15,18774.449219,18794.099609,18669.050781,18688.099609,18688.099609,263000
259,2023-06-16,18723.300781,18864.699219,18710.5,18826.0,18826.0,272800
260,2023-06-19,18873.300781,18881.449219,18719.150391,18755.449219,18755.449219,219800
261,2023-06-20,18752.349609,18839.699219,18660.650391,18816.699219,18816.699219,211600
262,2023-06-21,18849.400391,18875.900391,18794.849609,18856.849609,18856.849609,217500
263,2023-06-22,18853.599609,18886.599609,18759.5,18771.25,18771.25,252700
264,2023-06-23,18741.849609,18756.400391,18647.099609,18665.5,18665.5,210600
265,2023-06-26,18682.349609,18722.050781,18646.699219,18691.199219,18691.199219,171300
266,2023-06-27,18748.550781,18829.25,18714.25,18817.400391,18817.400391,222500
267,2023-06-28,18908.150391,19011.25,18861.349609,18972.099609,18972.099609,398800
268,2023-06-30,19076.849609,19201.699219,19024.599609,19189.050781,19189.050781,247900
